<?xml version="1.0" encoding="UTF-8"?>
<project-private xmlns="http://www.netbeans.org/ns/project-private/1">
    <editor-bookmarks xmlns="http://www.netbeans.org/ns/editor-bookmarks/2" lastBookmarkId="0"/>
    <open-files xmlns="http://www.netbeans.org/ns/projectui-open-files/2">
        <group>
            <file>file:/Users/satwik/Desktop/AED_FINAL_PROJECT/Liver_For_Cirrhosis/src/UI/LegalAdvisorRole/ManageLegalOfficerRequestJPanel.java</file>
            <file>file:/Users/satwik/Desktop/AED_FINAL_PROJECT/Liver_For_Cirrhosis/src/Business/EcoSystem.java</file>
            <file>file:/Users/satwik/Desktop/AED_FINAL_PROJECT/Liver_For_Cirrhosis/src/UI/LiverBankCoordinatorRole/LiverBankCoordinatorWorkAreaJPanel.java</file>
            <file>file:/Users/satwik/Desktop/AED_FINAL_PROJECT/Liver_For_Cirrhosis/src/UI/LiverBankCoordinatorRole/ManageLiverBankCoordinatorProfile.java</file>
            <file>file:/Users/satwik/Desktop/AED_FINAL_PROJECT/Liver_For_Cirrhosis/src/UI/LiverBankCoordinatorRole/LiverRequestJPanel.java</file>
            <file>file:/Users/satwik/Desktop/AED_FINAL_PROJECT/Liver_For_Cirrhosis/src/UI/LegalAdvisorRole/PatientConsentJPanel.java</file>
        </group>
    </open-files>
</project-private>
